field,ID,z_peak,Prob_gt_6,bin_z,F444W_flux,F444W_SNR,FWHM_pix,A_pix,B_pix,compact_proxy,rank_in_bin,metric,bin_size,hunt_type
GOODS-S,556228,7.740000247955322,0.884557843208313,6-8,14.9404,4.39,0.1073,0.0486,0.0424,3.1132,1,smallest_fwhm,4157,compactness
GOODS-N,1197316,7.380000114440918,0.9281597137451172,6-8,54.2956,5.09,0.1129,0.0635,0.0238,3.6294,2,smallest_fwhm,4157,compactness
GOODS-S,543841,7.260000228881836,0.918144702911377,6-8,13.9415,3.65,0.1165,0.0561,0.0418,3.0117,3,smallest_fwhm,4157,compactness
GOODS-S,546585,7.710000038146973,0.9278653264045715,6-8,1.9123,3.69,0.1198,0.0570,0.0438,2.1246,4,smallest_fwhm,4157,compactness
GOODS-S,541113,7.220000267028809,0.9490013718605042,6-8,6.3767,3.09,0.1214,0.0568,0.0457,2.6362,5,smallest_fwhm,4157,compactness
GOODS-S,541199,7.409999847412109,0.9950933456420898,6-8,7.4571,4.31,0.1234,0.0547,0.0500,2.6899,6,smallest_fwhm,4157,compactness
GOODS-N,1245219,7.110000133514404,0.8360131978988647,6-8,50.6304,8.39,0.1246,0.0570,0.0484,3.5134,7,smallest_fwhm,4157,compactness
GOODS-S,327939,7.130000114440918,0.999441385269165,6-8,6.3659,3.76,0.1247,0.0590,0.0461,2.6121,8,smallest_fwhm,4157,compactness
GOODS-S,542743,7.480000019073486,0.9962489604949951,6-8,7.1051,4.20,0.1257,0.0564,0.0502,2.6529,9,smallest_fwhm,4157,compactness
GOODS-S,524378,7.480000019073486,0.9999998807907104,6-8,7.0418,4.20,0.1273,0.0556,0.0525,2.6380,10,smallest_fwhm,4157,compactness
GOODS-S,532373,6.630000114440918,0.9928895831108093,6-8,11.7214,3.53,0.1276,0.0565,0.0517,2.8573,11,smallest_fwhm,4157,compactness
GOODS-S,544339,7.5,0.862108588218689,6-8,1.7877,3.38,0.1282,0.0588,0.0498,2.0365,12,smallest_fwhm,4157,compactness
GOODS-S,128625,6.400000095367432,0.9999995827674866,6-8,4.6491,3.28,0.1291,0.0566,0.0530,2.4455,13,smallest_fwhm,4157,compactness
GOODS-S,533294,7.200000286102295,0.9984941482543945,6-8,2.8917,3.19,0.1302,0.0607,0.0492,2.2319,14,smallest_fwhm,4157,compactness
GOODS-S,533823,7.389999866485596,0.9945170879364014,6-8,4.1285,3.67,0.1305,0.0595,0.0511,2.3846,15,smallest_fwhm,4157,compactness
GOODS-S,534643,7.400000095367432,0.985986590385437,6-8,2.7800,3.30,0.1310,0.0590,0.0521,2.2095,16,smallest_fwhm,4157,compactness
GOODS-S,122289,7.349999904632568,0.993170440196991,6-8,3.7837,3.64,0.1313,0.0608,0.0502,2.3414,17,smallest_fwhm,4157,compactness
GOODS-S,534123,6.700000286102295,0.9320266842842102,6-8,16.1447,4.20,0.1314,0.0623,0.0484,2.9708,18,smallest_fwhm,4157,compactness
GOODS-S,307612,7.5,0.9998478889465332,6-8,5.3984,3.51,0.1324,0.0586,0.0537,2.4885,19,smallest_fwhm,4157,compactness
GOODS-S,523541,7.849999904632568,0.9999986886978149,6-8,2.7270,3.81,0.1329,0.0602,0.0525,2.1886,20,smallest_fwhm,4157,compactness
GOODS-S,526843,7.429999828338623,0.9952284097671509,6-8,8.6597,4.57,0.1329,0.0571,0.0558,2.6905,21,smallest_fwhm,4157,compactness
GOODS-N,1252937,7.099999904632568,0.9983869194984436,6-8,16.3650,5.02,0.1332,0.0600,0.0529,2.9649,22,smallest_fwhm,4157,compactness
GOODS-S,543517,7.700000286102295,0.9855514168739319,6-8,20.7457,3.94,0.1333,0.0655,0.0461,3.0673,23,smallest_fwhm,4157,compactness
GOODS-S,384906,7.25,0.9737921953201294,6-8,32.7953,6.21,0.1336,0.0624,0.0504,3.2642,24,smallest_fwhm,4157,compactness
GOODS-S,387583,7.53000020980835,0.994500994682312,6-8,15.3300,5.28,0.1338,0.0633,0.0495,2.9326,25,smallest_fwhm,4157,compactness
GOODS-S,449389,6.700000286102295,0.8825855255126953,6-8,3.1321,6.46,0.1338,0.0574,0.0563,2.2429,26,smallest_fwhm,4157,compactness
GOODS-N,1051364,7.200000286102295,0.8421592712402344,6-8,5.2176,4.21,0.1338,0.0594,0.0541,2.4646,27,smallest_fwhm,4157,compactness
GOODS-N,1146339,6.440000057220459,0.9999998807907104,6-8,16.9940,10.47,0.1338,0.0570,0.0567,2.9774,28,smallest_fwhm,4157,compactness
GOODS-N,1243183,7.369999885559082,0.9999974370002747,6-8,31.9923,7.40,0.1338,0.0577,0.0560,3.2521,29,smallest_fwhm,4157,compactness
GOODS-N,1249332,6.760000228881836,0.8755480647087097,6-8,23.2402,5.47,0.1338,0.0584,0.0551,3.1133,30,smallest_fwhm,4157,compactness
GOODS-N,1093036,7.420000076293945,1.0,6-8,44252.2090,3010.07,0.3832,0.1778,0.1461,5.4791,1,highest_compact_proxy,4157,compactness
GOODS-N,1204032,7.690000057220459,1.0000001192092896,6-8,19642.4589,1535.94,0.2865,0.1247,0.1186,5.3789,2,highest_compact_proxy,4157,compactness
GOODS-N,1026338,7.170000076293945,1.0,6-8,22860.1708,2882.17,0.3415,0.1543,0.1351,5.2923,3,highest_compact_proxy,4157,compactness
GOODS-S,219237,7.769999980926514,1.0,6-8,14144.5314,1315.12,0.2954,0.1288,0.1220,5.2098,4,highest_compact_proxy,4157,compactness
GOODS-S,406242,7.470000267028809,1.0,6-8,9520.0342,1086.27,0.2454,0.1058,0.1026,5.1989,5,highest_compact_proxy,4157,compactness
GOODS-N,1027862,7.75,0.9999998807907104,6-8,14989.3862,1779.28,0.3123,0.1361,0.1290,5.1866,6,highest_compact_proxy,4157,compactness
GOODS-N,1034234,6.420000076293945,1.0,6-8,9637.5192,1289.89,0.2511,0.1086,0.1046,5.1843,7,highest_compact_proxy,4157,compactness
GOODS-N,1080150,7.099999904632568,1.0,6-8,13710.9610,2096.85,0.3078,0.1346,0.1267,5.1605,8,highest_compact_proxy,4157,compactness
GOODS-S,185898,7.240000247955322,0.9999999403953552,6-8,14414.1331,1941.82,0.3158,0.1377,0.1304,5.1600,9,highest_compact_proxy,4157,compactness
GOODS-S,421482,7.28000020980835,1.0000001192092896,6-8,16448.4106,1035.06,0.3413,0.1546,0.1346,5.1499,10,highest_compact_proxy,4157,compactness
GOODS-S,408815,7.710000038146973,0.9999998807907104,6-8,14254.7158,3382.16,0.3198,0.1403,0.1312,5.1442,11,highest_compact_proxy,4157,compactness
GOODS-N,1203603,7.400000095367432,0.9999999403953552,6-8,17696.4992,3116.49,0.3594,0.1588,0.1461,5.1367,12,highest_compact_proxy,4157,compactness
GOODS-N,1071130,7.200000286102295,0.9999999403953552,6-8,12863.0960,3210.99,0.3122,0.1367,0.1283,5.1205,13,highest_compact_proxy,4157,compactness
GOODS-N,1095501,7.579999923706055,1.0,6-8,9699.1995,1487.67,0.2712,0.1182,0.1120,5.1202,14,highest_compact_proxy,4157,compactness
GOODS-S,407539,6.730000019073486,1.0000001192092896,6-8,9518.4080,1966.56,0.2704,0.1168,0.1128,5.1146,15,highest_compact_proxy,4157,compactness
GOODS-N,1081013,7.670000076293945,0.9999999403953552,6-8,11838.8406,1987.78,0.3049,0.1332,0.1257,5.1050,16,highest_compact_proxy,4157,compactness
GOODS-N,1034514,7.039999961853027,1.0,6-8,8196.4930,1022.82,0.2541,0.1100,0.1058,5.1036,17,highest_compact_proxy,4157,compactness
GOODS-N,1124919,7.579999923706055,1.0000001192092896,6-8,8481.4816,2035.65,0.2588,0.1124,0.1074,5.1025,18,highest_compact_proxy,4157,compactness
GOODS-N,1093110,7.010000228881836,1.0000001192092896,6-8,12029.0331,933.54,0.3083,0.1329,0.1289,5.1023,19,highest_compact_proxy,4157,compactness
GOODS-S,415874,6.990000247955322,1.0,6-8,12298.7021,1788.49,0.3127,0.1379,0.1274,5.0996,20,highest_compact_proxy,4157,compactness
GOODS-N,1124718,7.570000171661377,1.0000001192092896,6-8,11191.9484,2269.97,0.2991,0.1299,0.1241,5.0973,21,highest_compact_proxy,4157,compactness
GOODS-N,1073055,7.809999942779541,1.0,6-8,15956.9472,2513.79,0.3593,0.1596,0.1452,5.0920,22,highest_compact_proxy,4157,compactness
GOODS-S,416498,7.659999847412109,1.0,6-8,29254.6024,2173.45,0.4869,0.2173,0.1957,5.0913,23,highest_compact_proxy,4157,compactness
GOODS-N,1206090,6.670000076293945,1.0,6-8,6836.5779,1859.82,0.2360,0.1007,0.0997,5.0890,24,highest_compact_proxy,4157,compactness
GOODS-N,1072135,7.269999980926514,1.0,6-8,12051.9578,3207.33,0.3141,0.1372,0.1295,5.0869,25,highest_compact_proxy,4157,compactness
GOODS-S,189201,7.720000267028809,0.9999998807907104,6-8,19143.4189,3072.26,0.3998,0.1724,0.1672,5.0783,26,highest_compact_proxy,4157,compactness
GOODS-N,1095517,7.670000076293945,1.0,6-8,9169.9312,1510.39,0.2768,0.1204,0.1146,5.0780,27,highest_compact_proxy,4157,compactness
GOODS-N,1028015,7.710000038146973,1.0,6-8,7145.0705,964.54,0.2485,0.1076,0.1034,5.0634,28,highest_compact_proxy,4157,compactness
GOODS-S,412016,6.940000057220459,0.9999998807907104,6-8,15525.7758,3030.00,0.3676,0.1624,0.1496,5.0603,29,highest_compact_proxy,4157,compactness
GOODS-N,1080833,7.599999904632568,1.0,6-8,7353.3924,1736.54,0.2586,0.1111,0.1085,5.0412,30,highest_compact_proxy,4157,compactness
GOODS-N,3292079,9.890000343322754,0.9996094703674316,8-10,7.5820,10.52,0.0544,0.0250,0.0211,3.4086,1,smallest_fwhm,1093,compactness
GOODS-S,557212,8.029999732971191,0.996208131313324,8-10,6.5791,3.06,0.1142,0.0592,0.0346,2.7028,2,smallest_fwhm,1093,compactness
GOODS-S,257580,8.800000190734863,0.9951448440551758,8-10,7.9917,3.82,0.1253,0.0633,0.0407,2.7067,3,smallest_fwhm,1093,compactness
GOODS-S,313205,8.480000495910645,0.9976729154586792,8-10,2.5543,3.26,0.1279,0.0612,0.0463,2.1935,4,smallest_fwhm,1093,compactness
GOODS-S,349285,8.600000381469727,0.9497357606887817,8-10,5.3329,3.61,0.1282,0.0605,0.0477,2.5112,5,smallest_fwhm,1093,compactness
GOODS-N,1091321,9.25,0.9997756481170654,8-10,42.6842,7.10,0.1284,0.0587,0.0500,3.4131,6,smallest_fwhm,1093,compactness
GOODS-S,523667,8.579999923706055,0.9935062527656555,8-10,3.7119,5.10,0.1300,0.0582,0.0520,2.3417,7,smallest_fwhm,1093,compactness
GOODS-S,529891,9.90999984741211,0.9979758858680725,8-10,2.1343,4.43,0.1300,0.0587,0.0515,2.1014,8,smallest_fwhm,1093,compactness
GOODS-N,1102765,8.020000457763672,0.9999573230743408,8-10,9.6690,6.99,0.1302,0.0562,0.0544,2.7562,9,smallest_fwhm,1093,compactness
GOODS-S,20897,8.880000114440918,0.9999558925628662,8-10,4.1047,4.89,0.1312,0.0609,0.0500,2.3774,10,smallest_fwhm,1093,compactness
GOODS-S,437089,8.739999771118164,0.9958158135414124,8-10,5.2948,5.88,0.1322,0.0575,0.0547,2.4814,11,smallest_fwhm,1093,compactness
GOODS-N,1251776,8.779999732971191,0.9799900650978088,8-10,25.6654,5.90,0.1355,0.0603,0.0546,3.1455,12,smallest_fwhm,1093,compactness
GOODS-S,501882,8.020000457763672,1.0000001192092896,8-10,10.3118,10.67,0.1366,0.0616,0.0542,2.7424,13,smallest_fwhm,1093,compactness
GOODS-S,422465,8.350000381469727,0.9883885979652405,8-10,10.2220,5.55,0.1372,0.0603,0.0562,2.7348,14,smallest_fwhm,1093,compactness
GOODS-S,520930,9.380000114440918,0.9999991655349731,8-10,4.4685,5.37,0.1373,0.0591,0.0575,2.3748,15,smallest_fwhm,1093,compactness
GOODS-N,1150086,9.5600004196167,0.999996542930603,8-10,10.3874,3.63,0.1374,0.0642,0.0518,2.7405,16,smallest_fwhm,1093,compactness
GOODS-S,2425,8.010000228881836,1.0,8-10,8.8400,5.33,0.1383,0.0614,0.0560,2.6648,17,smallest_fwhm,1093,compactness
GOODS-S,524020,9.489999771118164,0.9999966621398926,8-10,6.1821,4.12,0.1387,0.0595,0.0583,2.5070,18,smallest_fwhm,1093,compactness
GOODS-N,1023482,8.039999961853027,0.9997566342353821,8-10,20.1125,4.63,0.1387,0.0609,0.0569,3.0193,19,smallest_fwhm,1093,compactness
GOODS-S,145133,8.319999694824219,0.9999999403953552,8-10,6.4766,7.44,0.1398,0.0610,0.0577,2.5203,20,smallest_fwhm,1093,compactness
GOODS-N,1023738,8.6899995803833,1.0,8-10,11.7536,3.54,0.1398,0.0612,0.0575,2.7792,21,smallest_fwhm,1093,compactness
GOODS-N,1010268,9.4399995803833,1.0,8-10,17.0148,12.09,0.1402,0.0622,0.0567,2.9373,22,smallest_fwhm,1093,compactness
GOODS-N,1066950,9.529999732971191,0.9999979734420776,8-10,6.9665,4.15,0.1406,0.0605,0.0589,2.5470,23,smallest_fwhm,1093,compactness
GOODS-S,242502,8.199999809265137,0.9999887347221375,8-10,34.4975,15.60,0.1409,0.0616,0.0580,3.2400,24,smallest_fwhm,1093,compactness
GOODS-N,1140338,9.949999809265137,0.9999189972877502,8-10,17.0635,11.29,0.1415,0.0629,0.0571,2.9306,25,smallest_fwhm,1093,compactness
GOODS-S,95341,9.079999923706055,0.9999604821205139,8-10,14.7946,7.15,0.1422,0.0615,0.0592,2.8643,26,smallest_fwhm,1093,compactness
GOODS-S,127788,9.079999923706055,0.9963750839233398,8-10,6.1429,5.64,0.1424,0.0626,0.0583,2.4814,27,smallest_fwhm,1093,compactness
GOODS-S,21406,9.569999694824219,1.0,8-10,6.8414,4.12,0.1425,0.0662,0.0543,2.5275,28,smallest_fwhm,1093,compactness
GOODS-S,67939,8.869999885559082,0.9990460872650146,8-10,19.7188,7.76,0.1426,0.0640,0.0569,2.9866,29,smallest_fwhm,1093,compactness
GOODS-S,90684,9.550000190734863,0.9641379117965698,8-10,8.6330,4.62,0.1427,0.0614,0.0597,2.6273,30,smallest_fwhm,1093,compactness
GOODS-N,1075358,9.130000114440918,0.9999999403953552,8-10,7070.1263,1453.06,0.2542,0.1106,0.1052,5.0391,1,highest_compact_proxy,1093,compactness
GOODS-N,1207106,8.270000457763672,0.9868273735046387,8-10,3716.2711,318.65,0.3074,0.1402,0.1201,4.5947,2,highest_compact_proxy,1093,compactness
GOODS-S,171973,8.470000267028809,0.9800812602043152,8-10,2490.7830,929.42,0.3186,0.1499,0.1190,4.3898,3,highest_compact_proxy,1093,compactness
GOODS-S,423232,8.069999694824219,0.9115124940872192,8-10,4938.8967,274.29,0.4508,0.2090,0.1721,4.3857,4,highest_compact_proxy,1093,compactness
GOODS-N,1087167,8.149999618530273,1.0,8-10,840.4077,126.50,0.1935,0.0827,0.0816,4.3511,5,highest_compact_proxy,1093,compactness
GOODS-S,416916,8.140000343322754,0.9999456405639648,8-10,2741.4434,172.35,0.3803,0.1770,0.1443,4.2777,6,highest_compact_proxy,1093,compactness
GOODS-S,284527,8.970000267028809,1.0,8-10,2239.5680,331.16,0.3481,0.1570,0.1380,4.2668,7,highest_compact_proxy,1093,compactness
GOODS-N,1210090,8.199999809265137,0.9999982118606567,8-10,2131.5553,238.91,0.3413,0.1547,0.1345,4.2624,8,highest_compact_proxy,1093,compactness
GOODS-S,219426,8.300000190734863,0.8093301653862,8-10,6136.7470,960.58,0.6085,0.2663,0.2503,4.2194,9,highest_compact_proxy,1093,compactness
GOODS-S,461166,8.770000457763672,1.0000001192092896,8-10,372.1938,76.11,0.1730,0.0751,0.0718,4.0947,10,highest_compact_proxy,1093,compactness
GOODS-N,1203011,8.239999771118164,1.0000001192092896,8-10,5933.8357,325.46,0.6951,0.3745,0.1845,4.0892,11,highest_compact_proxy,1093,compactness
GOODS-N,1221701,8.739999771118164,0.9999999403953552,8-10,303.2056,58.92,0.1683,0.0724,0.0706,4.0296,12,highest_compact_proxy,1093,compactness
GOODS-S,417844,8.460000038146973,0.9999998807907104,8-10,2277.4353,475.86,0.4765,0.2258,0.1758,4.0013,13,highest_compact_proxy,1093,compactness
GOODS-N,1091505,9.350000381469727,1.0,8-10,259.9492,150.11,0.1639,0.0700,0.0692,3.9857,14,highest_compact_proxy,1093,compactness
GOODS-N,1090714,8.520000457763672,1.0,8-10,403.4813,95.32,0.2119,0.0935,0.0863,3.9536,15,highest_compact_proxy,1093,compactness
GOODS-S,462916,8.199999809265137,0.891117513179779,8-10,219.5008,69.50,0.1713,0.0739,0.0715,3.8739,16,highest_compact_proxy,1093,compactness
GOODS-N,1217765,8.609999656677246,1.0000001192092896,8-10,421.4941,55.58,0.2408,0.1125,0.0909,3.8615,17,highest_compact_proxy,1093,compactness
GOODS-N,1245266,8.8100004196167,1.0,8-10,196.2233,16.15,0.1653,0.0752,0.0648,3.8562,18,highest_compact_proxy,1093,compactness
GOODS-N,1146309,8.390000343322754,1.0000001192092896,8-10,340.1760,113.21,0.2215,0.0979,0.0900,3.8410,19,highest_compact_proxy,1093,compactness
GOODS-S,435106,8.390000343322754,1.0,8-10,188.7454,99.90,0.1657,0.0708,0.0700,3.8372,20,highest_compact_proxy,1093,compactness
GOODS-S,463722,8.770000457763672,0.999997615814209,8-10,230.6403,38.85,0.1863,0.0806,0.0776,3.8225,21,highest_compact_proxy,1093,compactness
GOODS-S,13405,8.520000457763672,1.0,8-10,231.0042,97.44,0.1933,0.0896,0.0739,3.7912,22,highest_compact_proxy,1093,compactness
GOODS-N,1219520,8.300000190734863,1.0,8-10,239.5686,34.25,0.1985,0.0877,0.0807,3.7839,23,highest_compact_proxy,1093,compactness
GOODS-S,308058,8.520000457763672,1.0,8-10,284.1599,71.12,0.2185,0.0975,0.0879,3.7747,24,highest_compact_proxy,1093,compactness
GOODS-S,458055,8.850000381469727,0.9999998807907104,8-10,166.6925,63.31,0.1716,0.0743,0.0714,3.7529,25,highest_compact_proxy,1093,compactness
GOODS-S,458421,8.3100004196167,0.9661431312561035,8-10,177.1390,37.02,0.1790,0.0781,0.0738,3.7426,26,highest_compact_proxy,1093,compactness
GOODS-S,464098,8.980000495910645,1.0,8-10,130.6823,119.82,0.1560,0.0668,0.0657,3.7300,27,highest_compact_proxy,1093,compactness
GOODS-N,1224248,8.0,0.999987781047821,8-10,145.9028,40.76,0.1672,0.0740,0.0678,3.7176,28,highest_compact_proxy,1093,compactness
GOODS-S,429652,8.380000114440918,1.0000001192092896,8-10,232.1238,31.40,0.2153,0.0972,0.0853,3.6996,29,highest_compact_proxy,1093,compactness
GOODS-S,101868,8.510000228881836,0.9999998807907104,8-10,175.6874,65.79,0.1918,0.0836,0.0792,3.6790,30,highest_compact_proxy,1093,compactness
GOODS-N,1197380,14.199999809265137,0.9999999403953552,10-15,38.8043,11.48,0.0529,0.0237,0.0212,4.1420,1,smallest_fwhm,285,compactness
GOODS-N,3292070,14.119999885559082,0.9999996423721313,10-15,9.5538,12.83,0.0529,0.0241,0.0207,3.5333,2,smallest_fwhm,285,compactness
GOODS-N,1197434,12.899999618530273,0.9999985098838806,10-15,53.0054,11.87,0.0543,0.0248,0.0212,4.2547,3,smallest_fwhm,285,compactness
GOODS-N,3292076,14.59000015258789,1.0000001192092896,10-15,41.6655,25.63,0.0545,0.0243,0.0220,4.1470,4,smallest_fwhm,285,compactness
GOODS-N,3292092,14.119999885559082,0.9999998807907104,10-15,36.8808,22.29,0.0651,0.0324,0.0219,3.9396,5,smallest_fwhm,285,compactness
GOODS-N,1197218,13.289999961853027,0.9971722960472107,10-15,29.4464,7.50,0.0705,0.0355,0.0231,3.7727,6,smallest_fwhm,285,compactness
GOODS-N,1262172,14.59000015258789,0.9999998807907104,10-15,69.9110,20.05,0.0753,0.0369,0.0262,4.0910,7,smallest_fwhm,285,compactness
GOODS-N,2035432,13.609999656677246,0.9899501204490662,10-15,13.0722,3.95,0.0821,0.0394,0.0296,3.2877,8,smallest_fwhm,285,compactness
GOODS-N,1197413,14.399999618530273,1.0,10-15,26.6293,5.14,0.1086,0.0481,0.0440,3.3537,9,smallest_fwhm,285,compactness
GOODS-S,75935,11.649999618530273,0.9996438026428223,10-15,4.0798,4.03,0.1228,0.0643,0.0361,2.4322,10,smallest_fwhm,285,compactness
GOODS-N,1194586,11.789999961853027,0.9483706951141357,10-15,12.1785,3.11,0.1229,0.0598,0.0433,2.9065,11,smallest_fwhm,285,compactness
GOODS-S,537585,11.069999694824219,0.9994866251945496,10-15,15.5582,4.33,0.1261,0.0563,0.0506,2.9905,12,smallest_fwhm,285,compactness
GOODS-N,1242645,13.800000190734863,1.0000001192092896,10-15,28.8966,7.15,0.1305,0.0574,0.0533,3.2296,13,smallest_fwhm,285,compactness
GOODS-S,105210,14.309999465942383,0.9990907311439514,10-15,2.8227,3.31,0.1345,0.0599,0.0542,2.1932,14,smallest_fwhm,285,compactness
GOODS-N,1040635,12.380000114440918,0.994917631149292,10-15,7.1900,4.56,0.1350,0.0611,0.0532,2.5961,15,smallest_fwhm,285,compactness
GOODS-S,546743,11.0600004196167,0.9708313345909119,10-15,4.0380,3.06,0.1363,0.0597,0.0560,2.3372,16,smallest_fwhm,285,compactness
GOODS-S,151544,11.6899995803833,0.9999889731407166,10-15,13.1314,11.05,0.1386,0.0606,0.0570,2.8348,17,smallest_fwhm,285,compactness
GOODS-N,1012555,10.420000076293945,0.9999986290931702,10-15,9.4962,7.37,0.1408,0.0616,0.0579,2.6803,18,smallest_fwhm,285,compactness
GOODS-N,1253768,14.529999732971191,0.9999999403953552,10-15,88.4918,8.90,0.1412,0.0732,0.0428,3.6472,19,smallest_fwhm,285,compactness
GOODS-N,1142410,10.420000076293945,0.9999218583106995,10-15,6.8120,4.85,0.1435,0.0620,0.0599,2.5196,20,smallest_fwhm,285,compactness
GOODS-S,94787,10.130000114440918,1.0000001192092896,10-15,6.7636,7.50,0.1436,0.0633,0.0586,2.5159,21,smallest_fwhm,285,compactness
GOODS-S,795,12.600000381469727,0.9851274490356445,10-15,11.8511,6.49,0.1440,0.0620,0.0603,2.7570,22,smallest_fwhm,285,compactness
GOODS-S,490512,10.710000038146973,0.9999970197677612,10-15,15.1437,4.98,0.1448,0.0648,0.0579,2.8587,23,smallest_fwhm,285,compactness
GOODS-S,500345,10.609999656677246,1.0,10-15,24.0311,16.52,0.1448,0.0634,0.0595,3.0592,24,smallest_fwhm,285,compactness
GOODS-S,18044,14.329999923706055,1.0,10-15,10.2633,6.96,0.1451,0.0637,0.0595,2.6880,25,smallest_fwhm,285,compactness
GOODS-N,1011508,10.899999618530273,1.000000238418579,10-15,16.2791,6.16,0.1451,0.0644,0.0588,2.8883,26,smallest_fwhm,285,compactness
GOODS-S,81863,10.84000015258789,0.9999998807907104,10-15,8.5115,7.96,0.1455,0.0621,0.0615,2.6043,27,smallest_fwhm,285,compactness
GOODS-S,150638,10.0,1.0000001192092896,10-15,7.8368,8.53,0.1455,0.0630,0.0605,2.5684,28,smallest_fwhm,285,compactness
GOODS-S,238635,10.59000015258789,0.9999998211860657,10-15,6.2944,3.74,0.1457,0.0635,0.0601,2.4720,29,smallest_fwhm,285,compactness
GOODS-S,475727,11.210000038146973,1.0000001192092896,10-15,22.7194,13.44,0.1468,0.0638,0.0609,3.0229,30,smallest_fwhm,285,compactness
GOODS-S,188911,11.65999984741211,0.9999998807907104,10-15,16283.4203,2578.52,0.3583,0.1526,0.1516,5.1033,1,highest_compact_proxy,285,compactness
GOODS-S,192282,12.5600004196167,0.9999999403953552,10-15,3239.4268,1139.21,0.2297,0.1002,0.0948,4.7881,2,highest_compact_proxy,285,compactness
GOODS-S,433690,12.519999504089355,0.9999998211860657,10-15,2004.0649,855.72,0.2147,0.0931,0.0892,4.6382,3,highest_compact_proxy,285,compactness
GOODS-S,402176,12.710000038146973,0.9998872876167297,10-15,4776.0972,1828.79,0.3904,0.1742,0.1570,4.4961,4,highest_compact_proxy,285,compactness
GOODS-S,416913,11.569999694824219,0.9994826912879944,10-15,7121.1753,275.08,0.5138,0.2702,0.1491,4.4310,5,highest_compact_proxy,285,compactness
GOODS-S,431625,11.739999771118164,0.9994134902954102,10-15,4262.3842,242.03,0.4701,0.2315,0.1617,4.2853,6,highest_compact_proxy,285,compactness
GOODS-N,1197434,12.899999618530273,0.9999985098838806,10-15,53.0054,11.87,0.0543,0.0248,0.0212,4.2547,7,highest_compact_proxy,285,compactness
GOODS-N,1030374,11.899999618530273,1.0,10-15,5991.1768,250.74,0.6377,0.3205,0.2097,4.1683,8,highest_compact_proxy,285,compactness
GOODS-N,3292076,14.59000015258789,1.0000001192092896,10-15,41.6655,25.63,0.0545,0.0243,0.0220,4.1470,9,highest_compact_proxy,285,compactness
GOODS-N,1197380,14.199999809265137,0.9999999403953552,10-15,38.8043,11.48,0.0529,0.0237,0.0212,4.1420,10,highest_compact_proxy,285,compactness
GOODS-S,354660,12.670000076293945,0.9999977946281433,10-15,2767.3778,377.68,0.4597,0.2111,0.1779,4.1171,11,highest_compact_proxy,285,compactness
GOODS-N,1125125,11.880000114440918,1.0,10-15,3833.6036,345.92,0.5541,0.2782,0.1826,4.0964,12,highest_compact_proxy,285,compactness
GOODS-N,1262172,14.59000015258789,0.9999998807907104,10-15,69.9110,20.05,0.0753,0.0369,0.0262,4.0910,13,highest_compact_proxy,285,compactness
GOODS-N,1223231,11.920000076293945,1.0000001192092896,10-15,440.4238,75.83,0.1894,0.0811,0.0798,4.0891,14,highest_compact_proxy,285,compactness
GOODS-S,153323,12.069999694824219,0.9981983304023743,10-15,2012.9166,207.88,0.4249,0.2040,0.1533,4.0473,15,highest_compact_proxy,285,compactness
GOODS-S,428330,11.609999656677246,0.9972654581069946,10-15,4877.4846,264.02,0.7050,0.3958,0.1504,3.9918,16,highest_compact_proxy,285,compactness
GOODS-S,473785,12.029999732971191,1.0,10-15,231.4523,47.60,0.1589,0.0684,0.0665,3.9622,17,highest_compact_proxy,285,compactness
GOODS-N,1027338,12.649999618530273,0.979831874370575,10-15,3456.5792,149.45,0.6221,0.3339,0.1676,3.9509,18,highest_compact_proxy,285,compactness
GOODS-N,1186342,11.970000267028809,0.9999998807907104,10-15,2175.4129,237.20,0.4936,0.2428,0.1700,3.9508,19,highest_compact_proxy,285,compactness
GOODS-S,441205,12.069999694824219,1.0,10-15,243.0342,45.51,0.1668,0.0729,0.0687,3.9413,20,highest_compact_proxy,285,compactness
GOODS-N,3292092,14.119999885559082,0.9999998807907104,10-15,36.8808,22.29,0.0651,0.0324,0.0219,3.9396,21,highest_compact_proxy,285,compactness
GOODS-N,1206691,12.699999809265137,0.9193974733352661,10-15,636.3360,60.45,0.2808,0.1332,0.1033,3.9069,22,highest_compact_proxy,285,compactness
GOODS-N,1208716,12.619999885559082,0.9999454021453857,10-15,1498.8212,180.76,0.4315,0.2342,0.1110,3.9058,23,highest_compact_proxy,285,compactness
GOODS-S,464514,11.489999771118164,1.0000001192092896,10-15,223.0884,50.03,0.1686,0.0723,0.0709,3.8948,24,highest_compact_proxy,285,compactness
GOODS-S,429397,12.15999984741211,0.9999841451644897,10-15,1323.6220,150.08,0.4175,0.2009,0.1501,3.8805,25,highest_compact_proxy,285,compactness
GOODS-S,153326,11.550000190734863,1.0,10-15,224.4893,93.99,0.1736,0.0748,0.0726,3.8721,26,highest_compact_proxy,285,compactness
GOODS-N,1075168,12.519999504089355,1.0000001192092896,10-15,734.0414,194.77,0.3227,0.1479,0.1253,3.8481,27,highest_compact_proxy,285,compactness
GOODS-N,1003262,11.869999885559082,0.9999998807907104,10-15,184.7899,38.47,0.1761,0.0748,0.0747,3.7752,28,highest_compact_proxy,285,compactness
GOODS-N,1197218,13.289999961853027,0.9971722960472107,10-15,29.4464,7.50,0.0705,0.0355,0.0231,3.7727,29,highest_compact_proxy,285,compactness
GOODS-N,1204188,12.680000305175781,0.9999510049819946,10-15,1344.2142,102.28,0.4869,0.2713,0.1092,3.7536,30,highest_compact_proxy,285,compactness
